County,Population,Population.Change.Since.2014,Median.Age,Population.Under.Age.18,Population.Aged.65.,Veteran.Population,Agricultural.Land,Percent.Change.in.Ag.Land.since.2017,Number.of.Farms,Percent.Change.in.Num.of.Farms.since.2017,Broadband.Internet.Access.2022,Broadband.Internet.Access.2019,Computing.Device.Access.2022,Computing.Device.Access.2019,Percent.Children.in.Poverty,Average.Weekly.Wage,Per.Capita.Income.2022,Gross.Domestic.Product.2022,Gross.Domestic.Product.2021,Pre.K.Enrollment.2023,Pre.K.Enrollment.2022,K.12.Current.Expense.Funding.per.pupil,Total.Funding.for.K.12,Opportunity.Youth.2022,Opportunity.Youth.2019,Adults.Without.a.High.School.Diploma,Educational.Attainment,Food.Insecurity.2022,Food.Insecurity.2021,Traditional.Medicaid.Enrollment..,Medicaid.Expansion.Enrollment..,Uninsured.Residents.2021,Uninsured.Residents.2020,ER.visits.for.Drug.Overdose.Per.100.000,Overdose.Deaths.Per.100.000,Property.Tax.Rates.2024,Property.Tax.Rates.2023,Property.Tax.Levy.Per.Capita,Taxable.Property.Valuation.Per.Capita,Sales.Taxes,Hispanic,White,Black,American.Indian.Alaskan.Native,Asian,Native Hawaiian.Pacific Islander,Multirace,Area.sq.mi,Community.Resilience,Coastal.Flooding.Risk.Index.Score,Riverine.Flooding.Risk.Index.Score,Hurricane.Risk.Index.Score,Wildfire.Risk.Index.Score,Building.Value,Auto.Truck.Registrations,Primary.Highway.Mileage,Secondary.Highway.Mileage,Mountains,Piedmont,Coastal
Alamance,184114,28556,40.22,0.2051,0.1908,0.0514,68769,-0.1408,724,0.0056,0.86,0.78,0.82,0.79,0.15,978,48980,6675,6675,0.4744,0.464,1971.0,48.83,0.1249,0.1011,0.1107,0.4768,0.143,0.114,0.312,0.0728,0.14,0.145,168,34.2,0.469,0.432,601.4,139210,0.0675,"25,032","126,076","39,357","2,661","3,596",205,"4,458",438.62387049,52.2299995422363,0.0,54.7566019726376,82.8174069089278,49.761374482978,28645737450,154556.0,157.4,810.18,0,1,0
Alexander,36464,-359,44.23,0.1844,0.2163,0.0535,50799,-0.0618,535,-0.0165,0.84,0.74,0.77,0.74,0.209,841,48035,884,844,0.3487,0.3383,1734.0,7.38,0.167,0.1631,0.1145,0.3691,0.149,0.116,0.294,0.0834,0.129,0.125,163,29.3,0.65,0.67,745.0,111194,0.07,"2,001","32,986","2,146",222,445,25,688,266.29362708,27.6299991607666,0.0,14.858415526567,61.0139075818753,47.6296531975819,6490937927,38858.0,56.19,530.37,0,1,0
Alleghany,11464,540,45.93,0.1675,0.2668,0.0725,63298,-0.1033,435,-0.029,0.79,0.76,0.72,0.72,0.253,779,44464,303,303,1.127,0.9863,2171.0,2.86,0.1432,0.1597,0.2228,0.3773,0.18,0.158,0.3109,0.0921,0.184,0.17,135,44.9,0.597,0.597,1093.0,183090,0.07,"1,125","10,598",232,81,89,5,180,238.64392578,12.3800001144409,0.0,33.6621062678969,51.1888739344998,8.01781737193764,2988316569,13372.0,84.58,363.22,1,0,0
Anson,22059,-3079,40.29,0.2108,0.1949,0.0633,84695,-0.0074,421,0.0218,0.83,0.75,0.71,0.69,0.326,857,50187,837,762,0.6095,1.0131,1881.0,48.7933333333333,0.1033,0.1552,0.1399,0.2314,0.161,0.125,0.4601,0.1418,0.13,0.128,160,28.6,0.777,0.777,784.0,100898,0.07,"1,161","10,598","10,557",221,360,20,446,542.52172884,33.4799995422363,0.0,60.2927139675469,82.0098698968147,41.4572064906141,4935305480,20571.0,125.82,682.47,0,1,0
Ashe,27196,514,48.34,0.167,0.271,0.0553,84498,-0.2304,760,-0.1204,0.79,0.7,0.79,0.74,0.206,859,44433,778,763,0.7879,1.2952,2390.0,6.3,0.0554,0.0561,0.0904,0.4385,0.162,0.131,0.2791,0.0797,0.137,0.138,96,25.7,0.44,0.44,977.2,222082,0.07,"1,534","26,153",286,159,141,19,352,433.71190668,37.939998626709,0.0,67.0696786509704,56.7070435172723,16.2265351574928,6943408779,29925.0,118.71,673.52,1,0,0
Avery,17395,-357,46.13,0.1526,0.2364,0.0513,22598,-0.212,335,-0.0456,0.81,0.71,0.78,0.73,0.205,808,45653,630,632,0.7561,0.8537,2889.0,5.4,0.0551,0.0587,0.1234,0.3872,0.153,0.131,0.2515,0.0666,0.155,0.163,103,28.5,0.4,0.4,1411.9,352969,0.0675,935,"16,321",751,129,130,16,224,250.00849458,36.2200012207031,0.0,85.9051861279033,56.6621803499327,8.49506840598155,6908029166,18265.0,86.86,248.33,1,0,0
Beaufort,43593,-2822,46.1,0.1912,0.269,0.0736,139853,0.0027,259,-0.1645,0.81,0.69,0.78,0.74,0.282,906,54554,1862,1876,0.5159,0.4664,2590.0,15.58,0.1857,0.1354,0.1211,0.4051,0.157,0.132,0.3677,0.1136,0.138,0.137,81,51.1,0.625,0.625,921.1,147379,0.0675,"3,765","32,087","10,533",515,274,40,823,972.56821467,55.3800010681152,82.4949698189135,71.0467706013363,97.0838941229251,74.8329621380846,9451939587,46963.0,192.07,700.71,0,0,1
Bertie,16739,-3011,40.6,0.1945,0.21,0.0648,161862,0.0928,288,-0.1084,0.64,0.58,0.69,0.63,0.349,812,49409,641,629,0.7935,0.8911,1852.0,3.03,0.1854,0.1846,0.1683,0.3683,0.16,0.141,0.436,0.115,0.117,0.114,69,31.7,0.93,0.865,765.4,88483,0.07,453,"6,253","10,409",154,139,17,268,748.79194221,15.6899995803833,41.4486921529175,75.3738466433344,90.6684611933602,6.99968183264397,4394098965,17469.0,163.41,484.81,0,0,1
Bladen,28850,-4001,38.26,0.223,0.1952,0.0728,146195,-0.1893,423,-0.1738,0.8,0.7,0.7,0.7,0.275,884,48424,1414,1416,0.9734,0.8716,1739.0,8.02,0.2067,0.2241,0.0879,0.3607,0.175,0.147,0.463,0.1192,0.145,0.155,208,58.1,0.785,0.785,963.3,122716,0.0675,"2,533","17,909","9,732","1,007",151,17,630,896.74408083,23.8700008392334,17.9074446680081,87.2733057588291,94.7958725886048,85.6824689786828,8417362961,30472.0,286.44,588.86,0,0,1
Brunswick,166886,51407,53.5,0.1394,0.3252,0.087,45150,0.0102,238,0.0303,0.93,0.85,0.9,0.87,0.165,951,58281,5647,5377,0.5195,0.4935,3694.0,54.43,0.1241,0.1515,0.0811,0.4827,0.135,0.112,0.2242,0.0814,0.122,0.117,77,45.5,0.342,0.342,1075.5,314470,0.0675,"8,071","133,195","14,164","1,298","1,271",180,"2,956",1060.13836305,64.9300003051758,45.4728370221328,88.6096086541521,98.3849259757739,94.7184218899141,29944769692,161502.0,237.89,598.61,0,0,1
Buncombe,279331,26947,44.04,0.1688,0.2266,0.063,78245,0.0825,1074,0.0009,0.86,0.82,0.83,0.82,0.154,1076,61560,15337,14892,0.4622,0.4104,3908.0,113.27,0.1137,0.1154,0.0717,0.6035,0.145,0.119,0.2393,0.0746,0.126,0.145,199,57.8,0.5176,0.498,924.9,185727,0.07,"20,391","244,458","16,656","1,516","4,129",514,"6,316",666.6120942,59.6100006103516,0.0,96.4365256124722,66.5769403319874,72.478523703468,48630943811,229023.0,245.52,1005.44,1,0,0
Burke,89581,2034,43.44,0.1904,0.2234,0.0583,44077,0.1407,473,-0.0689,0.8,0.72,0.76,0.71,0.185,886,44631,2616,2598,0.7598,0.6393,1568.0,18.5,0.182,0.2216,0.1418,0.4074,0.172,0.15,0.3343,0.1099,0.146,0.151,272,44.2,0.56,0.56,657.4,117389,0.0675,"6,176","75,495","5,732",874,"3,356",649,"1,775",519.42804264,35.2000007629395,0.0,72.1921730830417,63.7505607895917,60.0381800827235,13643350490,83102.0,154.96,699.76,1,0,0
Cabarrus,248866,55137,39.6,0.218,0.1477,0.045,64227,0.0088,630,0.0016,0.91,0.89,0.88,0.88,0.099,1008,54754,8667,8457,0.4731,0.3784,2307.0,97.5,0.1383,0.1286,0.0718,0.5884,0.115,0.089,0.2459,0.0647,0.108,0.116,155,34.2,0.576,0.74,982.5,132766,0.07,"28,077","160,778","51,453","1,741","15,241",284,"6,300",367.603509,72.629997253418,0.0,69.3286668787782,79.3180798564379,64.3970728603245,45565344251,190384.0,128.26,687.73,0,1,0
Caldwell,81884,608,43.88,0.1863,0.2125,0.0574,35964,-0.0534,430,0.0462,0.83,0.78,0.74,0.75,0.239,939,44761,2388,2394,0.6156,0.5918,1402.0,14.8,0.167,0.1618,0.1273,0.3836,0.16,0.135,0.3607,0.1016,0.138,0.143,257,43.8,0.63,0.63,677.2,107493,0.0675,"5,258","73,131","4,363",554,697,104,"1,643",479.40243429,37.6500015258789,0.0,47.5660197263761,63.8851502916106,62.1699013681196,15099673534,79208.0,118.47,568.16,1,0,0
Camden,11291,1264,42.67,0.1818,0.1875,0.108,54621,-0.078,76,-0.0617,0.93,0.86,0.89,0.87,0.092,929,56906,172,174,2.16,1.7419,1562.0,3.0,0.0987,0.1279,0.0509,0.5552,0.12,0.094,0.1739,0.045,0.123,0.135,92,36.8,0.73,0.73,1125.6,154194,0.0675,477,"9,311","1,124",63,204,15,371,313.3890201,70.7200012207031,59.7585513078471,35.6347438752784,82.2341857335128,8.81323576201082,1467916971,11483.0,46.55,167.85,0,0,1
Carteret,70822,2709,48.88,0.1548,0.2758,0.1136,60950,-0.0289,94,-0.4051,0.91,0.85,0.86,0.85,0.17,846,63531,2555,2559,0.9703,1.0927,3399.0,27.42,0.1181,0.1273,0.0608,0.5459,0.146,0.117,0.2337,0.0812,0.127,0.117,181,56.1,0.34,0.34,851.0,250288,0.0675,"3,236","62,742","3,632",481,806,147,"1,572",1343.84272659,83.0999984741211,49.4969818913481,85.7142857142857,98.5643786451324,92.6185173401209,17407547380,72970.0,125.57,303.48,0,0,1
Caswell,21960,-1225,45.12,0.1656,0.2412,0.0565,84373,-0.1955,412,-0.1643,0.77,0.65,0.78,0.67,0.24,870,41155,331,346,0.7532,0.8824,1331.0,2.78,0.1719,0.1813,0.156,0.3291,0.149,0.128,0.3339,0.0922,0.136,0.138,80,31.0,0.585,0.735,597.3,81260,0.0675,"1,185","14,657","7,112",214,169,7,455,433.03126854,14.289999961853,0.0,17.912822144448,69.537909376402,25.8033725739739,4236254772,23356.0,121.94,501.5,0,1,0
Catawba,168239,12196,42.81,0.1996,0.2032,0.0551,61631,-0.0299,608,-0.047,0.86,0.81,0.8,0.78,0.164,1046,55223,9242,9060,0.5508,0.4639,2015.0,44.04,0.1535,0.1334,0.0911,0.4718,0.148,0.12,0.2864,0.0819,0.135,0.135,201,40.7,0.3985,0.3985,730.8,183383,0.07,"17,728","135,812","14,642","1,059","8,051",261,"3,637",420.22343181,55.060001373291,0.0,57.5882914412981,75.0560789591745,59.2109449570474,37175998799,158930.0,156.48,908.74,0,1,0
Chatham,82500,15220,50.69,0.1601,0.2965,0.0536,114051,0.076,1076,-0.0358,0.85,0.78,0.86,0.84,0.11,958,79769,1887,1824,0.6772,1.072,3376.0,34.39,0.119,0.096,0.1488,0.6131,0.126,0.097,0.1697,0.0483,0.126,0.122,67,33.6,0.725,0.685,1282.5,187224,0.07,"9,674","65,706","9,327",995,"2,077",131,"1,628",716.08800822,47.2299995422363,0.0,46.3251670378619,79.4975325257963,45.1797645561565,15313310317,82903.0,163.62,962.86,0,1,0
Cherokee,29361,2151,52.24,0.1569,0.3237,0.098,25410,-0.0315,246,-0.1119,0.79,0.74,0.8,0.77,0.245,832,40021,822,796,0.6337,0.538,2434.0,7.26,0.0532,0.0724,0.0764,0.478,0.173,0.147,0.3455,0.1233,0.156,0.148,87,48.9,0.61,0.61,868.1,142317,0.07,"1,173","27,456",547,514,207,16,772,471.37704822,10.5299997329712,0.0,49.9204581609927,49.4840735755944,8.78141902640789,8011180594,30159.0,86.99,495.92,1,0,0
Chowan,13896,-493,42.99,0.1985,0.2506,0.059,73439,0.372,134,0.3814,0.81,0.69,0.7,0.71,0.253,904,51005,589,577,1.2027,1.0588,1866.66666666667,2.69333333333333,0.098,0.1228,0.1177,0.3582,0.167,0.141,0.3467,0.0925,0.126,0.109,79,43.0,0.695,0.665,935.5,140674,0.0675,546,"8,955","4,513",79,104,38,251,236.00697705,39.8800010681152,54.1247484909457,25.8033725739739,86.9448183041723,17.9446388800509,2803988591,14072.0,59.94,199.75,0,0,1
Clay,11924,1272,51.54,0.1591,0.3253,0.0789,14515,0.1589,178,0.0854,0.79,0.77,0.76,0.74,0.231,883,43753,216,213,1.4848,0.9492,1529.0,1.87,0.0535,0.0701,0.1025,0.5441,0.163,0.143,0.2906,0.0896,0.175,0.16,116,17.8,0.43,0.43,789.3,183550,0.07,481,"11,054",181,70,57,9,243,223.01068062,3.78999996185303,0.0,25.1988545975183,30.0583221175415,12.4403436207445,2345788194,12863.0,36.87,211.22,1,0,0
Cleveland,101172,4098,41.23,0.2079,0.2004,0.062,104633,-0.0768,872,-0.1323,0.77,0.66,0.74,0.7,0.246,979,45126,4463,4212,0.6638,0.7431,681.0,10.25,0.1598,0.1511,0.1285,0.4212,0.164,0.139,0.4011,0.104,0.134,0.135,246,36.8,0.6875,0.6875,767.2,111586,0.0675,"4,683","75,864","20,898",490,"1,212",43,"2,163",472.90553661,35.0099983215332,0.0,17.3083041679924,74.652310453118,58.9245943366211,18868535094,90936.0,187.46,1020.54,0,1,0
Columbus,49935,-5390,42.25,0.2079,0.2091,0.0637,125177,-0.1127,447,-0.1304,0.77,0.67,0.65,0.66,0.292,876,44109,1449,1505,0.8315,0.8366,1364.0,10.94,0.2066,0.2196,0.1398,0.3002,0.17,0.145,0.4629,0.127,0.149,0.159,133,41.4,0.805,0.805,711.0,88317,0.0675,"3,138","31,612","14,884","1,899",305,57,"1,128",964.63927833,23.1100006103516,16.2977867203219,86.2869869551384,94.885598923284,78.7146038816417,8015801217,48289.0,269.09,973.48,0,0,1
Craven,105175,1956,37.2,0.2434,0.1931,0.1272,100825,0.2392,292,0.1918,0.82,0.81,0.81,0.81,0.191,1021,54327,4984,5083,0.3486,0.4308,2046.0,25.15,0.1181,0.1195,0.0805,0.4593,0.147,0.12,0.2841,0.0936,0.113,0.13,201,88.1,0.4448,0.4448,599.9,134865,0.0675,"8,100","72,500","20,982",719,"3,139",210,"3,324",781.08896229,65.629997253418,28.5714285714286,57.8428253261215,98.0708838043966,89.500477251034,17364285217,92528.0,156.31,613.23,0,0,1
Cumberland,343636,13614,33.34,0.2601,0.1491,0.1512,65919,-0.0012,327,-0.0268,0.89,0.84,0.82,0.82,0.212,1021,46024,17938,18159,0.4112,0.4826,1769.0,87.53,0.1272,0.1314,0.0577,0.468,0.163,0.141,0.3959,0.1059,0.112,0.119,190,55.4,0.799,0.799,592.8,74192,0.07,"43,804","167,318","134,373","6,585","9,277","1,503","17,643",665.12530149,43.5400009155273,0.0,95.7683741648107,93.9883355764917,81.9280941775374,51076645294,231188.0,247.57,976.82,0,0,1
Currituck,33670,9007,43.82,0.1918,0.1787,0.0859,37917,-0.1543,87,-0.0225,0.89,0.83,0.89,0.86,0.117,841,59381,824,832,0.4894,0.4592,2881.0,13.04,0.0984,0.1241,0.0585,0.4991,0.121,0.089,0.1656,0.0369,0.124,0.12,72,28.8,0.62,0.56,1503.2,268431,0.0675,"1,640","27,731","1,794",245,384,29,832,531.74152512,82.4599990844727,69.4164989939638,31.1485841552657,85.5540601166442,56.3792554883869,6832357427,32054.0,82.03,242.5,0,0,1
Dare,37786,2847,46.98,0.1673,0.2546,0.0848,115,-0.9785,18,-0.4375,0.93,0.91,0.9,0.9,0.108,862,76100,2593,2542,1.5632,0.8072,5723.0,28.31,0.1854,0.1302,0.0598,0.562,0.123,0.1,0.2014,0.0582,0.123,0.136,46,54.0,0.4005,0.4005,1856.7,463592,0.0675,"2,912","35,496","1,070",257,383,28,722,1557.29801253,99.5899963378906,85.3118712273642,92.5548838689151,97.5773889636608,82.8825962456252,12597467012,43482.0,163.96,131.86,0,0,1
Davidson,178071,14790,42.13,0.2,0.1959,0.055,73655,-0.2025,847,-0.1555,0.85,0.79,0.81,0.79,0.161,992,48523,5014,4953,0.3488,0.3434,1495.0,34.57,0.167,0.1553,0.1155,0.4173,0.153,0.127,0.2994,0.0842,0.135,0.145,239,60.3,0.54,0.54,572.3,105979,0.07,"14,486","145,488","18,550","1,461","3,343",155,"3,589",573.43003107,44.5900001525879,0.0,52.7203308940503,81.9650067294751,57.0792236716513,39478083360,162548.0,206.84,1329.41,0,1,0
Davie,44800,3788,45.09,0.1825,0.2298,0.0598,74899,-0.0264,594,0.0051,0.91,0.84,0.87,0.83,0.151,958,60579,1417,1419,0.9461,0.9397,2261.0,13.54,0.1429,0.1498,0.1089,0.4522,0.148,0.119,0.2427,0.0679,0.123,0.134,203,46.7,0.773,0.773,999.3,129271,0.0675,"3,377","39,434","2,911",323,409,20,993,269.29069791,48.5999984741211,0.0,14.9220489977728,66.4423508299686,36.7165128857779,8702092965,47355.0,,,0,1,0
Duplin,49683,-5278,35.84,0.2598,0.1549,0.0574,254164,0.0455,949,0.1573,0.76,0.65,0.68,0.67,0.296,883,52760,2127,2186,0.9312,0.641,1057.0,10.0,0.1815,0.1323,0.211,0.3728,0.165,0.13,0.4524,0.1009,0.196,0.212,77,25.5,0.735,0.735,754.1,102603,0.07,"11,705","34,204","12,377",780,431,281,917,828.49793286,8.34000015258789,0.0,44.3525294304804,96.3212202781516,72.7012408526885,8582202175,53045.0,264.4,933.73,0,0,1
Durham,340727,46239,35.43,0.2231,0.1403,0.044,16166,-0.131,212,-0.1203,0.92,0.87,0.89,0.86,0.17,1767,59070,39751,38590,0.2978,0.318,4903.0,187.95,0.097,0.0777,0.0866,0.7212,0.122,0.096,0.2563,0.0606,0.125,0.135,188,41.1,0.7987,0.7522,1147.1,152505,0.075,"46,350","181,841","117,597","3,259","20,005",456,"9,522",300.86958174,74.5699996948242,0.0,83.5189309576838,88.0663974876626,59.370028635062,58524810825,233529.0,149.56,600.62,0,1,0
Edgecombe,47637,-6177,44.45,0.2283,0.2415,0.0568,145050,-0.026,243,-0.0241,0.76,0.64,0.7,0.64,0.318,888,43507,1624,1589,0.5282,0.5961,2093.0,12.76,0.1835,0.1696,0.1186,0.3473,0.164,0.143,0.5593,0.1819,0.112,0.114,134,50.5,0.89,0.95,701.9,73889,0.07,"2,847","19,114","27,693",412,225,74,783,511.98422808,34.3699989318848,0.0,95.1320394527522,84.88111260655,22.6535157492841,8280518631,40104.0,237.37,488.01,0,0,1
Forsyth,396317,32110,38.08,0.2138,0.1761,0.0469,32956,-0.053,482,-0.1346,0.87,0.81,0.83,0.81,0.216,1225,57781,26512,25844,0.3279,0.3023,2999.0,163.4,0.1237,0.1181,0.1062,0.5537,0.145,0.116,0.3083,0.0837,0.129,0.122,192,48.7,0.6778,0.6778,784.1,115683,0.07,"55,503","255,807","107,890","3,869","10,803",719,"10,069",416.51493663,60.0299987792969,0.0,66.7515112949411,84.5670704351727,58.0337257397391,70734496361,303512.0,205.67,787.46,0,1,0
Franklin,80236,18271,42.23,0.2033,0.1936,0.0517,107923,-0.0004,518,-0.0372,0.87,0.79,0.8,0.78,0.157,1027,46330,1784,1755,0.4461,0.4574,2324.0,25.33,0.1427,0.1765,0.1295,0.4699,0.126,0.103,0.27,0.0648,0.131,0.146,103,43.1,0.505,0.785,781.4,99536,0.0675,"7,697","52,005","19,275",794,641,102,"1,722",499.56491169,35.9000015258789,0.0,39.9936366528794,76.4019739793629,35.4756601972638,9565967381,68693.0,150.01,716.33,0,1,0
Gaston,243242,31688,40.89,0.2099,0.1742,0.0553,36859,-0.0222,412,-0.2107,0.86,0.8,0.8,0.77,0.168,995,49674,8021,7897,0.6864,0.6667,1551.0,53.0,0.146,0.1403,0.0793,0.4962,0.144,0.123,0.3236,0.087,0.124,0.129,290,67.7,0.599,0.61,840.1,137718,0.07,"20,909","176,692","45,760","1,540","4,262",179,"5,782",367.35609885,52.7700004577637,0.0,50.0795418390073,76.9851951547779,58.7018771874006,39456478576,184009.0,189.39,787.82,0,1,0
Gates,10534,-816,42.82,0.1771,0.2278,0.0741,71866,0.2394,122,-0.1348,0.74,0.73,0.81,0.76,0.195,836,49850,184,201,1.0909,1.4138,2103.0,2.95,0.098,0.1255,0.0618,0.2777,0.143,0.116,0.2682,0.06,0.111,0.107,35,34.6,0.84,0.84,815.7,97111,0.0675,272,"6,846","3,097",83,55,13,289,349.23474963,16.2000007629395,38.0281690140845,38.4982500795418,76.2225213100045,1.43175310213172,1931842221,11231.0,83.91,279.38,0,0,1
Graham,7718,-780,43.97,0.2113,0.2586,0.0507,2256,-0.7949,70,-0.4309,0.73,0.57,0.63,0.6,0.227,882,41336,229,232,0.4783,0.8444,1265.0,1.36,0.1274,0.1543,0.1402,0.3371,0.168,0.15,0.4371,0.1486,0.198,0.183,119,23.7,0.59,0.59,1287.5,218224,0.07,332,"6,993",62,649,54,10,212,304.68625395,17.2800006866455,0.0,21.2853961183583,30.9107222969942,0.349984091632199,1674956973,8126.0,88.41,184.24,1,0,0
Granville,62881,5175,43.94,0.1809,0.1967,0.0483,102115,-0.1819,483,-0.1329,0.87,0.8,0.84,0.8,0.153,1075,46906,3309,3214,0.5813,0.7699,2272.0,19.0,0.1718,0.1827,0.144,0.4448,0.132,0.102,0.2756,0.0567,0.121,0.131,124,39.7,0.631,0.84,731.4,87069,0.0675,"6,370","39,644","19,361",640,561,66,"1,631",543.01800657,52.8300018310547,0.0,11.0404072542157,82.5482279048901,37.4801145402482,12354832135,56960.0,138.78,742.24,0,1,0
Greene,19939,-895,42.54,0.1965,0.1962,0.0461,97668,0.1722,210,0.0145,0.79,0.73,0.72,0.73,0.352,850,38963,420,457,0.6887,0.6419,1084.0,2.89,0.1678,0.205,0.2324,0.3045,0.17,0.136,0.3344,0.0944,0.205,0.206,138,23.7,0.786,0.786,542.6,69031,0.07,"3,369","11,695","7,486",504,133,61,332,269.90670291,9.39000034332275,24.1448692152917,41.0117721921731,89.6814715118887,16.8946866051543,3534395059,17286.0,96.62,370.5,0,0,1
Guilford,553023,40463,38.24,0.2014,0.1737,0.0478,94798,0.2416,775,-0.0925,0.87,0.76,0.85,0.81,0.212,1137,55008,34425,34071,0.7137,0.6969,3432.0,260.23,0.0951,0.0979,0.0924,0.5766,0.137,0.11,0.3231,0.0875,0.118,0.119,191,42.4,0.7305,0.7305,952.9,130449,0.0675,"49,230","296,925","198,340","4,246","30,868",603,"15,119",664.27494276,56.5900001525879,0.0,69.5195672923958,88.2907133243607,64.3652561247216,99884772434,404689.0,309.69,1590.65,0,1,0
Halifax,46342,-5576,45.3,0.2083,0.2427,0.0618,183565,-0.122,220,-0.3452,0.67,0.58,0.66,0.65,0.28,843,44768,1403,1429,0.5285,0.5902,898.0,5.69,0.2499,0.2543,0.1241,0.339,0.176,0.16,0.4697,0.1253,0.128,0.14,102,40.0,0.7,0.76,701.5,92297,0.07,"1,668","19,114","25,516","1,914",436,44,824,737.64311166,15.6599998474121,0.0,86.3824371619472,87.2588604755496,29.1441298122813,10683874016,45683.0,248.4,680.62,0,0,1
Harnett,145438,20909,35.57,0.2531,0.1428,0.085,109179,0.0275,563,-0.1244,0.81,0.79,0.82,0.82,0.166,858,44192,2716,2723,0.4564,0.3767,1401.0,28.12,0.1273,0.1441,0.0925,0.4634,0.149,0.122,0.3003,0.0757,0.126,0.125,188,44.9,0.591,0.591,647.8,109614,0.07,"20,165","98,186","30,837","2,375","1,902",345,"5,187",607.29415968,30.4899997711182,0.0,77.28285077951,89.8609241812472,71.1104040725422,19078203257,118850.0,183.24,1002.5,0,0,1
Haywood,64109,4818,48.58,0.1699,0.2723,0.0777,49288,-0.0566,567,0.0481,0.8,0.72,0.76,0.75,0.185,900,50894,1957,1920,0.53,0.484,2456.0,17.4,0.1278,0.1347,0.0963,0.5021,0.153,0.129,0.2939,0.0785,0.134,0.128,108,56.2,0.55,0.55,880.7,160120,0.07,"3,066","59,515",925,527,473,44,"1,125",560.09940597,50.7999992370605,0.0,90.7413299395482,49.8429789143113,40.2481705377028,10401148650,61218.0,154.42,437.56,1,0,0
Henderson,121587,11790,49.12,0.1696,0.2912,0.0667,32743,-0.2033,520,0.1429,0.88,0.82,0.85,0.81,0.162,1009,55243,4386,4230,0.2767,0.4895,2476.0,33.13,0.1105,0.0997,0.0931,0.4753,0.146,0.112,0.2185,0.0627,0.137,0.15,125,36.6,0.431,0.431,878.9,203912,0.0675,"12,872","108,858","4,017",865,"1,606",346,"2,414",378.87162105,41.8499984741211,0.0,80.8145084314349,64.8721399730821,33.184855233853,23129760798,112843.0,111.57,763.66,1,0,0
Hertford,19564,-4159,40.22,0.1961,0.2185,0.0618,67209,-0.1693,97,-0.2302,0.76,0.65,0.7,0.68,0.351,914,41529,825,834,0.8944,1.0946,1867.0,4.25,0.2499,0.2664,0.1007,0.3509,0.156,0.132,0.4369,0.1313,0.119,0.124,42,29.6,0.84,0.84,775.3,92300,0.07,"1,025","7,301","12,464",313,231,23,543,364.03642977,30.2000007629395,30.9859154929577,58.1291759465479,90.4441453566622,9.41775373846643,5177762727,18859.0,120.13,327.08,0,0,1
Hoke,56269,6308,32.94,0.2983,0.116,0.1165,36788,-0.3143,185,-0.0212,0.87,0.8,0.81,0.8,0.202,845,41181,1163,1110,0.8415,0.6499,1437.33333333333,36.9633333333333,0.1623,0.1701,0.098,0.4375,0.157,0.133,0.3691,0.0981,0.139,0.154,112,41.6,0.73,0.73,636.2,87151,0.0675,"8,273","25,814","19,553","4,570",939,228,"2,683",395.63196348,23.5499992370605,0.0,36.2710785873369,80.6191117092867,75.7874642061724,6304851065,45886.0,60.24,458.99,0,0,1
Hyde,4490,-929,46.39,0.1661,0.247,0.049,112445,-0.0995,123,-0.1087,0.71,0.56,0.63,0.59,0.283,781,48593,178,182,0.6875,0.9545,3821.0,1.71,0.1866,0.1471,0.2406,0.3475,0.216,0.149,0.3157,0.0902,0.195,0.175,41,20.3,0.92,1.045,2248.7,215188,0.0675,468,"3,130","1,267",60,39,1,79,1473.76956987,35.8400001525879,78.4708249496982,66.6560610881324,91.161956034096,74.3875278396437,1146906882,4741.0,91.8,189.43,0,0,1
Iredell,207682,39622,42.26,0.1943,0.1782,0.046,119481,-0.104,894,-0.1526,0.92,0.83,0.87,0.85,0.121,1198,64437,10582,10429,0.5132,0.3842,2314.0,72.02,0.1216,0.1264,0.0879,0.5446,0.128,0.102,0.2399,0.06,0.117,0.126,146,26.4,0.5,0.5,1007.2,201437,0.0675,"17,255","159,864","24,666","1,150","5,455",166,"4,596",603.42351069,54.4900016784668,0.0,39.9618199172765,75.8636159712876,59.5609290486796,40056593723,183705.0,230.19,1328.32,0,1,0
Jackson,43308,2495,38.86,0.1583,0.2182,0.0653,22208,0.4119,236,0.0977,0.76,0.71,0.77,0.76,0.186,896,44870,1629,1629,0.3769,0.2366,2549.0,9.42,0.0533,0.0892,0.1486,0.4307,0.17,0.141,0.2615,0.0886,0.18,0.202,102,52.3,0.38,0.38,1078.7,283873,0.07,"2,937","36,535","1,032","3,770",526,22,"1,070",499.86901146,30.8400001525879,0.0,60.9608654152084,56.0340960071781,35.0620426344257,9112904466,35436.0,123.98,456.12,1,0,0
Johnston,249714,68170,39.55,0.2201,0.1468,0.0523,174111,-0.05,964,-0.0931,0.83,0.78,0.85,0.84,0.136,1007,49672,7726,7502,0.3227,0.2965,2211.0,88.5,0.1385,0.1294,0.0921,0.5184,0.127,0.105,0.2761,0.0581,0.129,0.126,115,33.0,0.67,0.69,787.3,114102,0.0675,"35,735","179,124","44,463","2,346","2,687",311,"5,847",803.67649869,51.6500015258789,0.0,88.1641743557111,88.1561238223419,54.9156856506522,31834947323,206172.0,331.02,1550.51,0,0,1
Jones,9098,-817,42.39,0.1932,0.2435,0.0935,66287,0.0097,126,-0.2881,0.74,0.59,0.72,0.67,0.274,888,48585,220,224,1.24,1.1639,1730.0,1.7,0.2002,0.1672,0.1261,0.3692,0.16,0.149,0.3727,0.0953,0.168,0.17,276,63.7,0.74,0.74,943.3,127469,0.07,569,"6,210","2,621",95,65,4,238,478.47882537,20.3400001525879,20.9255533199195,39.0391345847916,90.578734858681,62.9653197581928,1485430892,9621.0,93.64,247.32,0,0,1
Lee,67613,8126,39.26,0.225,0.1859,0.066,31204,-0.1128,264,0.056,0.75,0.74,0.8,0.79,0.238,1003,49622,2816,2784,0.7116,0.6927,1952.0,20.13,0.1191,0.0976,0.1398,0.4308,0.163,0.131,0.3161,0.0829,0.16,0.156,236,61.5,0.65,0.65,926.2,142493,0.07,"13,434","48,794","12,729",901,"1,063",140,"1,849",261.81976938,38.3199996948242,0.0,56.8246897868279,84.1184387617766,61.2153993000318,12765143649,56053.0,91.79,413.17,0,1,0
Lenoir,53509,-4197,41.88,0.2154,0.2234,0.0787,136277,0.1985,352,-0.0881,0.78,0.75,0.72,0.73,0.317,929,51039,2867,2794,0.3995,0.3767,1198.0,9.9,0.2002,0.1693,0.1523,0.3501,0.181,0.161,0.4575,0.1196,0.14,0.135,154,39.3,0.845,0.845,730.7,86476,0.0675,"4,831","29,952","22,552",405,420,128,"1,176",405.41682207,52.5099983215332,37.2233400402414,90.4231625835189,95.3342305966801,30.0031816735603,11755608303,50158.0,137.11,625.02,0,0,1
Lincoln,98348,19118,44.82,0.1883,0.1968,0.0543,49038,-0.0932,552,-0.101,0.89,0.83,0.83,0.82,0.113,1018,58227,3167,3068,0.781,0.727,1920.0,26.82,0.1529,0.1612,0.0929,0.4875,0.136,0.112,0.2358,0.0659,0.122,0.125,223,38.3,0.499,0.499,992.9,198980,0.07,"7,534","84,160","5,730",501,"1,009",60,"1,635",307.94012223,52.6399993896484,0.0,34.6166083359847,70.4800358905339,53.9293668469615,23319408617,89985.0,126.54,704.5,0,1,0
Macon,38539,3958,49.65,0.1713,0.3061,0.0737,21973,0.1112,346,0.0176,0.79,0.75,0.75,0.77,0.186,879,48309,1555,1557,0.5926,0.6378,1499.0,4.04,0.0532,0.0747,0.1158,0.4193,0.167,0.144,0.2848,0.0886,0.165,0.159,67,53.0,0.27,0.27,918.0,339994,0.0675,"3,206","35,997",634,330,405,28,671,524.92001874,20.2700004577637,0.0,61.4381164492523,60.1615074024226,37.7664651606745,8661324577,39265.0,98.73,574.68,1,0,0
Madison,21453,317,46.3,0.1671,0.2542,0.0625,42763,-0.2466,535,-0.1628,0.79,0.73,0.77,0.74,0.212,821,44497,1616,1569,0.5476,0.5161,1448.0,3.08,0.1279,0.1371,0.0799,0.5181,0.158,0.133,0.312,0.0987,0.118,0.126,41,59.8,0.36,0.5,687.0,137397,0.07,641,"20,824",324,136,124,18,342,456.04201188,41.2799987792969,0.0,84.0598154629335,32.7501121579184,61.9471842188991,3778456953,23416.0,128.78,521.09,1,0,0
Martin,20952,-2355,47.08,0.199,0.2707,0.07,143806,0.02,286,-0.1386,0.78,0.68,0.74,0.72,0.293,726,42553,428,417,0.8073,0.5906,2104.0,6.15,0.1857,0.1668,0.1269,0.4274,0.17,0.139,0.4031,0.1141,0.135,0.123,472,49.0,0.81,0.81,824.3,101770,0.07,960,"11,879","8,972",148,149,48,312,461.31116811,47.0999984741211,29.5774647887324,27.8396436525612,90.6235980260206,34.6166083359847,6137383648,21443.0,158.75,415.93,0,0,1
McDowell,44601,63,44.57,0.1859,0.2257,0.0659,17041,-0.259,298,-0.1051,0.8,0.73,0.76,0.74,0.222,864,43983,630,653,0.8519,0.966,1773.0,9.61,0.182,0.1814,0.1244,0.4079,0.168,0.137,0.35,0.1071,0.145,0.132,129,45.9,0.5675,0.5675,818.0,144136,0.0675,"3,021","41,080","1,927",396,533,23,794,449.84722263,34.0200004577637,0.0,74.8011454024817,60.7447285778376,65.065224307986,7737676287,44648.0,139.25,445.66,1,0,0
Mecklenburg,1190000,178869,37.82,0.2209,0.1332,0.0437,7704,-0.3401,165,-0.2361,0.92,0.88,0.89,0.88,0.141,1630,76441,129565,127497,0.2792,0.2967,3652.0,596.92,0.1006,0.1001,0.0888,0.6739,0.118,0.091,0.2764,0.0718,0.127,0.122,160,28.5,0.4831,0.4731,1165.7,246397,0.0725,"165,220","646,157","380,270","10,147","76,753","1,383","30,682",551.59245141,48.8199996948242,0.0,81.9280941775374,88.6944818304172,77.3146675151129,207983784417,851072.0,323.35,656.71,0,1,0
Mitchell,14751,-399,44.05,0.1793,0.2466,0.0611,13860,-0.0636,263,0.052,0.79,0.72,0.74,0.71,0.217,917,43990,496,536,0.0,0.5313,1280.0,2.17,0.0552,0.0552,0.0487,0.4073,0.167,0.138,0.3065,0.0857,0.137,0.13,94,33.4,0.56,0.56,944.3,168628,0.0675,947,"14,381",159,162,106,21,265,224.12066625,47.9000015258789,0.0,48.8705058860961,46.4782413638403,26.1533566656061,2824365811,16452.0,79.27,239.25,1,0,0
Montgomery,25516,-1117,40.97,0.2082,0.2277,0.0613,34560,0.031,210,-0.125,0.76,0.69,0.71,0.68,0.24,914,46774,1093,1051,1.205,1.0484,1730.0,6.0,0.1181,0.1803,0.1227,0.3767,0.16,0.126,0.3874,0.108,0.169,0.163,217,62.6,0.615,0.615,920.5,149667,0.07,"4,175","19,915","4,611",349,460,33,526,506.5953282,25.5599994659424,0.0,37.6073814826599,77.5235531628533,41.5208399618199,6356968550,27229.0,153.52,525.02,0,1,0
Moore,111001,19381,47.28,0.199,0.2809,0.0925,106258,0.1889,802,0.0941,0.88,0.82,0.87,0.82,0.13,999,62886,4014,3867,0.1551,0.1439,2420.0,34.85,0.118,0.1482,0.0633,0.6431,0.131,0.104,0.2037,0.0648,0.117,0.121,158,49.6,0.31,0.33,669.0,202739,0.07,"8,126","87,904","11,710","1,314","1,878",199,"2,526",712.8014244,48.8499984741211,0.0,69.3604836143812,87.8420816509646,76.6465160674515,23830636714,104196.0,191.65,889.25,0,1,0
Nash,97793,3999,42.8,0.2024,0.2125,0.056,133252,0.0291,375,-0.1176,0.82,0.77,0.76,0.75,0.214,989,50715,5119,5135,0.661,0.7039,1426.0,21.38,0.1836,0.1607,0.1131,0.4367,0.142,0.116,0.3516,0.0988,0.139,0.133,163,43.5,0.63,0.67,628.8,93844,0.0675,"7,603","51,384","40,234","1,093","1,155",92,"1,831",548.3078835,53.2799987792969,0.0,96.1819917276487,87.9318079856438,38.4027998727331,17770920925,90807.0,256.34,837.33,0,0,1
New Hanover,242708,29145,39.8,0.172,0.1908,0.0648,1898,1.1593,60,0.0169,0.91,0.85,0.9,0.88,0.155,1132,60943,15237,14803,0.6775,0.6562,3567.0,95.98,0.0919,0.1081,0.0583,0.6511,0.141,0.117,0.212,0.0734,0.111,0.126,79,39.7,0.45,0.45,952.3,211622,0.07,"15,088","194,011","29,950","1,455","3,670",299,"5,536",332.17913547,82.2699966430664,51.7102615694165,58.9882278078269,99.3719156572454,90.4231625835189,51260309582,190632.0,121.11,389.19,0,0,1
Northampton,15867,-4193,38.62,0.1929,0.2007,0.0807,171478,0.0077,257,-0.0551,0.63,0.53,0.66,0.61,0.293,913,47614,506,529,0.8556,0.8678,1598.0,3.78,0.2497,0.2642,0.1001,0.395,0.147,0.127,0.4321,0.1046,0.117,0.115,62,10.3,0.83,0.835,1418.9,169929,0.0675,480,"6,947","9,328",127,64,5,308,556.11033777,12.1300001144409,20.523138832998,30.4167992363983,81.6061013907582,11.8358256442889,3738273575,18151.0,160.04,446.87,0,0,1
Onslow,214782,22409,25.44,0.3169,0.1048,0.1553,53032,0.0107,342,0.0059,0.91,0.87,0.89,0.87,0.162,857,51585,9039,9099,0.3191,0.3453,2483.33333333333,18.0533333333333,0.1427,0.1064,0.0498,0.4597,0.157,0.134,0.2597,0.076,0.107,0.112,139,46.5,0.655,0.655,650.0,99240,0.07,"28,270","158,218","31,691","2,181","4,610",650,"9,948",914.33174898,63.1800003051758,44.466800804829,81.1644925230671,99.0130103185285,93.1912185809736,30154796841,153236.0,162.07,736.22,0,0,1
Orange,151635,11045,38.07,0.156,0.1771,0.0386,53068,-0.2409,687,0.0015,0.92,0.88,0.92,0.91,0.114,1442,77568,9679,9308,0.7203,0.8892,5344.0,102.94,0.0467,0.0425,0.0521,0.8079,0.123,0.095,0.1515,0.0387,0.1,0.087,74,24.2,0.8629,0.8353,1271.9,152267,0.075,"13,253","114,769","18,091",953,"12,287",137,"4,240",405.00751785,65.0500030517578,0.0,79.0964047088769,79.5423956931359,48.04327076042,26998944497,113335.0,126.54,732.93,0,1,0
Pamlico,12139,-568,50.4,0.1441,0.313,0.1129,54675,0.2638,81,-0.19,0.83,0.74,0.77,0.77,0.274,683,52301,288,297,1.2432,1.234,2787.0,4.51,0.1853,0.1365,0.0666,0.3178,0.151,0.123,0.2746,0.0831,0.148,0.144,244,102.2,0.645,0.625,1038.5,166160,0.0675,615,"9,669","2,220",101,87,25,279,567.29685558,61.2299995422363,58.953722334004,34.7438752783964,92.552714221624,84.7597836461979,3222184387,13400.0,59.14,223.77,0,0,1
Pasquotank,40933,1398,37.8,0.2181,0.1752,0.093,95870,0.3283,133,0.0556,0.87,0.79,0.82,0.78,0.228,920,47234,1609,1589,0.9056,0.7004,2150.0,11.36,0.0982,0.1247,0.0746,0.4671,0.133,0.109,0.3289,0.0899,0.112,0.132,201,35.2,0.62,0.62,680.5,109760,0.07,"2,613","24,013","14,591",281,610,44,"1,399",292.25102946,73.4599990844727,70.6237424547284,60.260897231944,91.5657245401525,35.5392936684696,7395498645,34782.0,60.95,299.26,0,0,1
Pender,69485,14550,42.27,0.1956,0.1973,0.076,78903,0.2236,354,0.0536,0.86,0.79,0.84,0.83,0.139,869,49887,1777,1749,1.2092,0.9012,2321.0,25.04,0.1072,0.1215,0.0908,0.5122,0.138,0.111,0.2751,0.0632,0.133,0.124,70,36.5,0.7375,0.7375,1048.6,142179,0.0675,"5,448","54,285","8,523",678,552,63,"1,636",943.59672381,56.8699989318848,42.6559356136821,74.4511613108495,96.6352624495289,93.7002863506204,11051704418,65186.0,209.84,549.18,0,0,1
Perquimans,13209,-151,47.16,0.1748,0.2905,0.0991,78264,-0.0256,137,-0.0805,0.81,0.73,0.8,0.76,0.23,820,53355,284,286,0.973,0.75,2061.0,3.39,0.0985,0.1243,0.0903,0.3814,0.155,0.123,0.3121,0.0823,0.125,0.119,89,66.8,0.52,0.64,936.1,146262,0.0675,475,"9,905","2,841",71,85,5,303,332.25237669,41.7599983215332,52.5150905432596,21.6990136811963,85.6437864513235,30.9576837416481,2207926724,13743.0,31.18,292.07,0,0,1
Person,39272,615,43.09,0.1998,0.2198,0.0554,88571,0.0776,364,-0.0738,0.85,0.79,0.78,0.79,0.203,926,45304,1537,1473,0.6411,0.5826,2247.0,11.95,0.1718,0.1778,0.0828,0.4209,0.157,0.134,0.3248,0.0851,0.122,0.122,175,25.3,0.7225,0.7225,1001.0,138546,0.0675,"2,140","27,454","10,454",386,174,16,902,408.47051622,41.5999984741211,0.0,16.0038180082724,66.9358456707044,31.0849506840598,6382886233,42433.0,94.03,576.26,0,1,0
Pitt,177440,8033,32.83,0.2169,0.1505,0.0624,151433,-0.1876,367,-0.2322,0.86,0.81,0.83,0.81,0.229,1086,53495,9399,9243,0.51,0.5033,2015.0,48.79,0.0814,0.0895,0.0808,0.5974,0.156,0.131,0.3426,0.0929,0.126,0.123,98,50.3,0.5663,0.6841,645.0,94279,0.07,"12,256","100,935","63,418","1,009","3,686",259,"4,235",662.16849972,74.4700012207031,47.0824949698189,52.5612472160356,96.276357110812,48.2659879096405,32530016834,131140.0,260.23,877.09,0,0,1
Polk,19660,-183,51.32,0.1481,0.3116,0.0727,24076,-0.1727,274,-0.0249,0.81,0.77,0.81,0.79,0.195,832,61494,533,509,1.3284,1.0341,3035.0,6.16,0.1666,0.1366,0.0803,0.5187,0.154,0.122,0.2536,0.0855,0.131,0.141,111,57.9,0.5343,0.5343,1011.6,189331,0.0675,"1,196","18,402",800,149,235,3,397,240.85243923,25.75,0.0,27.0442252624881,52.4899057873486,45.7206490614063,3848599429,22036.0,70.54,358.18,1,0,0
Randolph,146358,4050,41.22,0.2059,0.1956,0.0576,131301,-0.1115,1238,-0.095,0.86,0.76,0.79,0.76,0.176,898,46748,4188,4172,0.4613,0.4282,1415.0,30.38,0.1614,0.1305,0.1426,0.3604,0.161,0.135,0.3302,0.1007,0.161,0.151,246,79.4,0.5,0.5,591.1,118220,0.07,"19,055","128,171","10,416","1,776","2,444",151,"3,085",797.93846769,33.3499984741211,0.0,75.6283805281578,80.7537012113055,55.7111040407254,26041417852,139854.0,229.2,1501.68,0,1,0
Richmond,42299,-2369,41.43,0.2247,0.1962,0.0626,57946,-0.0207,261,0.1013,0.8,0.73,0.71,0.69,0.306,844,46009,2003,1797,0.6708,0.5908,1356.0,8.69,0.1625,0.1712,0.1492,0.3655,0.182,0.166,0.5296,0.1401,0.131,0.149,500,82.5,0.75,0.83,727.5,87652,0.0675,"3,289","25,842","13,796","1,412",475,77,"1,176",484.54560219,30.9699993133545,0.0,68.0241807190582,84.9259757738896,69.7104677060134,7890359014,37804.0,139.81,646.34,0,1,0
Robeson,118737,-8645,37.37,0.2266,0.1769,0.0628,263080,-0.0025,732,0.0139,0.7,0.59,0.65,0.6,0.35,852,41071,3846,3830,0.5161,0.669,638.0,13.36,0.2066,0.2196,0.2051,0.3228,0.204,0.18,0.5909,0.1742,0.169,0.197,286,87.3,0.75,0.77,542.6,70470,0.07,"11,489","35,107","27,781","48,913",818,264,"3,780",958.83774441,12.6400003433228,0.0,79.6691059497296,96.0969044414536,70.6013363028953,18418983651,102457.0,352.86,1431.61,0,0,1
Rockingham,91571,-379,44.29,0.1876,0.2232,0.0516,109295,-0.1229,769,-0.0889,0.77,0.7,0.72,0.71,0.229,854,45332,2796,2764,0.4398,0.4055,1338.0,15.83,0.1629,0.1888,0.143,0.3838,0.17,0.14,0.3403,0.095,0.142,0.133,235,74.7,0.5801,0.695,655.5,94314,0.07,"6,292","70,703","17,599",596,664,133,"2,262",578.54217096,38.7299995422363,0.0,62.0744511613108,74.9663526244953,43.1753102131721,18291401645,89564.0,220.06,1001.62,0,1,0
Rowan,153047,12761,41.01,0.2106,0.1982,0.0577,104888,-0.118,801,-0.1341,0.87,0.81,0.8,0.79,0.231,1058,46990,5810,5680,0.3403,0.3665,2236.0,41.11,0.1237,0.1277,0.1314,0.4104,0.156,0.132,0.3285,0.0783,0.145,0.129,253,75.3,0.58,0.58,761.8,131350,0.07,"15,856","117,753","25,710","1,013","1,796",219,"3,154",529.24051323,49.0499992370605,0.0,49.1886732421254,76.2673844773441,58.2882596245625,24922080255,133025.0,136.55,1043.25,0,1,0
Rutherford,65035,-677,43.43,0.1951,0.2217,0.0685,63632,0.0619,614,-0.0097,0.81,0.7,0.75,0.73,0.214,872,42525,1835,1800,0.6335,0.6009,1829.66666666667,8.67333333333333,0.1665,0.1374,0.1199,0.3684,0.184,0.16,0.371,0.1049,0.14,0.136,278,68.6,0.454,0.454,768.6,169290,0.07,"3,564","56,414","6,334",263,436,55,"1,461",572.97592911,26.4799995422363,0.0,56.7292395800191,67.1601615074024,67.1333121221763,12436134897,64251.0,140.73,921.75,1,0,0
Sampson,59770,-2325,39.75,0.239,0.196,0.055,292205,-0.03,882,-0.0813,0.78,0.64,0.71,0.66,0.257,908,46849,1802,1894,0.697,0.6488,1317.0,14.03,0.1816,0.1358,0.1782,0.3695,0.165,0.125,0.4268,0.1102,0.177,0.179,148,25.2,0.625,0.825,733.0,88844,0.07,"12,937","39,506","15,228","2,312",416,224,"1,434",957.39944196,11.5500001907349,0.0,83.5507476932867,96.5455361148497,68.7241489023226,12563120362,63299.0,276.6,1217.62,0,0,1
Scotland,33130,-2309,40.6,0.228,0.2082,0.0648,51025,-0.0698,121,0.1204,0.79,0.61,0.68,0.62,0.343,911,41064,1185,1156,1.0561,0.9677,1905.0,10.0,0.1623,0.1699,0.1641,0.315,0.194,0.179,0.5031,0.1518,0.133,0.143,322,57.4,0.99,0.99,762.0,76971,0.0675,"1,354","14,753","13,507","4,517",343,22,"1,020",323.86069365,21.1000003814697,0.0,68.7877823735285,85.3297442799462,66.4015272033089,6679289354,26250.0,100.74,453.9,0,0,1
Stanly,64286,3971,42.46,0.1999,0.2099,0.0507,109164,0.1387,649,-0.0342,0.86,0.81,0.8,0.78,0.19,853,48212,1870,1812,0.7347,0.7143,1593.0,15.0,0.1271,0.1211,0.1367,0.4111,0.153,0.125,0.3017,0.0846,0.136,0.128,194,35.0,0.61,0.61,674.6,110593,0.07,"3,385","53,720","7,535",349,"1,294",165,"1,090",408.89046042,57.4199981689453,0.0,51.6067451479478,77.2543741588156,37.4482978046452,12115489409,64647.0,126.08,718.98,0,1,0
Stokes,46036,302,45.91,0.1743,0.2296,0.0581,81361,-0.1242,726,-0.1519,0.81,0.7,0.79,0.76,0.154,741,46391,1208,1112,0.6791,1.0296,2711.0,14.87,0.163,0.1749,0.0883,0.3896,0.157,0.138,0.2857,0.0823,0.128,0.137,173,52.6,0.71,0.66,720.9,109233,0.0675,"1,846","42,017","2,015",216,195,23,709,460.73678196,25.7800006866455,0.0,20.7126948775056,63.5711081202333,30.0349984091632,7180033151,50131.0,143.54,760.06,0,1,0
Surry,71249,-1196,42.24,0.2024,0.2066,0.0459,105791,-0.3061,933,-0.1231,0.78,0.66,0.75,0.72,0.227,906,48778,2527,2546,0.6555,0.6247,2059.0,12.66,0.1434,0.162,0.1447,0.4238,0.179,0.145,0.3387,0.095,0.151,0.147,162,46.0,0.552,0.552,590.4,106959,0.07,"8,603","66,075","3,077",520,574,81,"1,076",542.07446046,24.0599994659424,0.0,41.3935730194082,71.6016150740242,45.847916003818,13516607988,75812.0,175.8,945.08,0,1,0
Swain,13857,-789,39.92,0.2309,0.2021,0.0666,3930,-0.6121,70,-0.2929,0.74,0.6,0.68,0.63,0.207,898,51517,701,695,1.2211,0.8382,419.0,0.83,0.1277,0.2028,0.1235,0.3646,0.182,0.151,0.4693,0.1555,0.204,0.242,189,98.1,0.41,0.36,535.5,148737,0.07,"1,018","8,570",208,"4,276",107,11,795,545.69839077,18.3299999237061,0.0,66.7833280305441,45.0426200089726,44.7661469933185,3391352967,15839.0,80.35,191.28,1,0,0
Transylvania,33230,680,51.09,0.1545,0.333,0.0828,11537,-0.2143,142,-0.3395,0.86,0.81,0.8,0.8,0.209,902,55406,1796,1712,0.8611,0.9136,3679.0,13.35,0.1106,0.0993,0.0661,0.4593,0.15,0.12,0.2468,0.0825,0.137,0.155,151,20.4,0.6033,0.6033,1324.6,219554,0.0675,"1,176","31,111","1,065",165,231,22,761,384.16350219,32.0800018310547,0.0,72.510340439071,57.2005383580081,6.10881323576201,8103274763,31829.0,103.29,304.01,1,0,0
Tyrrell,3324,-663,44.79,0.1965,0.2386,0.0725,63761,0.2043,73,0.0735,0.75,0.63,0.69,0.64,0.281,826,45079,103,115,1.3846,0.5455,1340.0,0.6,0.1852,0.1586,0.3529,0.2593,0.158,0.137,0.3523,0.0857,0.174,0.186,75,49.8,0.95,0.95,1280.3,134765,0.0675,425,"2,129","1,036",44,67,0,89,603.20456235,39.1199989318848,70.8249496981891,44.8615972001273,88.5150291610588,70.3468024180719,1018920578,3390.0,52.86,144.63,0,0,1
Union,263285,48061,39.83,0.2058,0.1497,0.0402,212066,0.1363,882,-0.0784,0.93,0.91,0.89,0.89,0.087,1129,67641,8592,8307,0.4667,0.4732,2694.0,122.69,0.0938,0.0782,0.0916,0.5784,0.105,0.076,0.2056,0.0454,0.103,0.108,114,20.8,0.588,0.588,916.5,155875,0.0675,"30,880","198,105","31,571","1,728","11,681",243,"5,742",646.10144937,60.5999984741211,0.0,54.4384346166083,83.5352175863616,55.1702195354757,50388588423,223507.0,192.38,1416.19,0,1,0
Vance,40712,-3009,38.41,0.2299,0.1969,0.058,38231,-0.4221,170,-0.2857,0.8,0.7,0.75,0.71,0.315,872,43356,1265,1264,0.6593,0.5881,1307.0,9.47,0.1428,0.1977,0.1792,0.337,0.162,0.143,0.563,0.1187,0.143,0.144,180,47.2,0.7129,0.89,657.5,73876,0.0675,"3,783","18,744","21,764",409,405,35,781,271.39794084,36.9199981689453,0.0,13.9039134584792,79.183490354419,29.6531975819281,8035535000,37927.0,81.7,387.28,0,1,0
Wake,1210000,217857,39.33,0.2059,0.1401,0.0454,62323,-0.1907,664,-0.0391,0.94,0.91,0.92,0.92,0.083,1424,76357,94676,91399,0.3985,0.3718,3659.0,644.26,0.0811,0.0694,0.0573,0.7489,0.111,0.085,0.1888,0.0438,0.092,0.095,104,21.7,0.5135,0.657,1146.3,174469,0.0725,"124,402","783,098","244,109","9,222","104,508",978,"33,106",865.66429404,72.0199966430664,0.0,96.3410754056634,94.2126514131898,74.0693604836144,215286143399,948153.0,380.79,2089.7,0,1,0
Warren,18803,-1293,44.12,0.1747,0.2507,0.0588,63669,0.0476,237,-0.1124,0.74,0.59,0.68,0.66,0.273,748,37601,317,320,0.4958,0.9091,3233.0,5.56,0.25,0.205,0.1266,0.3378,0.173,0.138,0.3644,0.0905,0.162,0.174,76,30.4,0.81,0.81,1240.1,153100,0.0675,860,"7,804","9,303","1,073",91,7,435,448.78587975,5.82000017166138,0.0,20.2990773146675,81.157469717362,21.6671969455934,5547927684,18822.0,99.48,550.58,0,1,0
Washington,10304,-1817,46.78,0.2145,0.2826,0.0773,76554,-0.0392,110,-0.2199,0.66,0.63,0.63,0.6,0.353,902,45405,277,290,0.9839,0.72,1687.0,1.66,0.186,0.1715,0.0602,0.3075,0.177,0.166,0.4409,0.1448,0.121,0.129,43,17.3,0.85,0.85,843.9,99282,0.07,717,"5,169","5,212",130,48,4,265,426.167976,35.4900016784668,45.0704225352113,44.7979637289214,92.3732615522656,59.7518294622972,2343259828,10294.0,90.48,226.14,0,0,1
Watauga,57751,5946,30.07,0.1144,0.1807,0.0481,29402,-0.4074,400,-0.2308,0.89,0.83,0.88,0.87,0.128,880,48445,2369,2309,1.25,0.7571,3187.0,15.28,0.0553,0.0566,0.0694,0.6687,0.153,0.126,0.1294,0.0385,0.126,0.133,77,24.9,0.318,0.318,800.7,251800,0.0675,"2,240","51,972","1,157",241,735,26,958,316.47976152,57.8600006103516,0.0,89.086859688196,61.5522655899507,23.6080178173719,14044933034,41747.0,91.09,478.75,1,0,0
Wayne,117140,-4968,37.76,0.2449,0.1779,0.0909,149752,-0.0943,415,-0.2468,0.87,0.8,0.78,0.77,0.264,906,49370,4951,4947,0.6136,0.594,1250.0,22.86,0.1272,0.1349,0.1398,0.4368,0.16,0.13,0.3931,0.0928,0.148,0.149,114,22.7,0.7675,0.7425,603.7,81312,0.0675,"15,766","72,818","38,088","1,026","1,605",241,"3,508",563.35245135,44.1100006103516,0.0,98.4727966910595,95.9623149394347,47.0569519567292,27174724199,104564.0,220.46,919.86,0,0,1
Wilkes,66315,-1397,43.97,0.1936,0.2274,0.0529,114778,0.0756,871,-0.0655,0.84,0.75,0.77,0.75,0.284,876,47495,2460,2437,0.8124,0.9089,1814.0,14.91,0.1434,0.1553,0.1452,0.3931,0.175,0.149,0.3371,0.1015,0.155,0.147,190,35.1,0.66,0.66,634.4,96118,0.07,"4,869","60,702","3,110",316,409,108,"1,139",763.96100664,29.3400001525879,0.0,72.4148902322622,72.4988784208165,54.8520521794464,17168685902,70179.0,150.4,1165.24,1,0,0
Wilson,78355,-894,39.44,0.2215,0.1887,0.0621,126286,0.0272,207,-0.25,0.8,0.75,0.7,0.74,0.306,1019,48774,3740,3780,0.2709,0.2664,2040.0,24.54,0.1677,0.2109,0.134,0.3954,0.165,0.137,0.4109,0.1105,0.16,0.151,188,36.7,0.595,0.73,761.4,104299,0.0675,"9,348","43,400","31,684",637,983,122,"1,623",376.87473174,51.2700004577637,0.0,88.7686923321667,89.8160610139076,38.5618835507477,16247367486,70549.0,177.69,577.67,0,0,1
Yadkin,37511,40,43.22,0.1938,0.2134,0.0563,98329,0.1235,754,-0.0782,0.81,0.72,0.76,0.72,0.176,855,47455,938,940,1.157,0.7449,1652.0,8.2,0.1429,0.1459,0.0743,0.3899,0.156,0.131,0.3048,0.0772,0.146,0.154,186,50.4,0.65,0.65,703.1,108171,0.0675,"4,501","34,880","1,388",309,215,70,601,341.12219856,31.7299995422363,0.0,26.3442570792237,62.4046657694033,34.934775692014,6455069609,41764.0,90.71,626.95,0,1,0
Yancey,18606,850,45.79,0.1777,0.2573,0.0499,21341,-0.3076,288,-0.2195,0.79,0.7,0.76,0.73,0.214,844,42006,401,414,0.3333,0.449,1500.33333333333,4.95333333333333,0.0555,0.0554,0.0703,0.4374,0.167,0.136,0.3089,0.0941,0.143,0.147,94,22.1,0.52,0.6,813.5,135589,0.0675,"1,053","18,104",214,143,73,56,221,316.34248698,36.25,0.0,32.1985364301623,47.4652310453118,50.3022589882278,3814109446,20702.0,88.68,304.51,1,0,0
